vare_nr;uge_label;kampagne_kode;antal;nettoomsaetning_dkk
10023;202202;MP;5801;44087.60
10023;202220;AVIS;10045;71520.40
10023;202248;TILBUD;9119;57996.84
10023;202336;TILBUD;6509;55651.95
10047;202201;AVIS;5165;34863.75
10047;202207;AVIS;4809;36788.85
10047;202222;TILBUD;4849;39276.90
10047;202229;TILBUD;5034;36244.80
10047;202232;3F2;4219;25440.57
10047;202235;MP;4603;27756.09
10047;202247;TILBUD;2560;20736.00
10047;202314;MP;4032;29030.40
10047;202334;TILBUD;2817;19014.75
10047;202336;MP;4399;31672.80
10112;202201;MP;2096;28421.76
10112;202204;MP;879;13404.75
10112;202215;MP;1168;16830.88
10112;202218;KUPON;1124;16196.84
10112;202241;TILBUD;1609;23185.69
10112;202242;KUPON;1925;27739.25
10112;202302;AVIS;2402;36630.50
10112;202307;KUPON;2370;32137.20
10112;202336;AVIS;1152;17568.00
10310;202209;KUPON;1864;30047.68
10310;202222;AVIS;2640;48232.80
10310;202241;TILBUD;1333;24353.91
10310;202244;3F2;2091;33706.92
10310;202245;AVIS;2616;42169.92
10310;202249;MP;1252;21534.40
10310;202323;AVIS;1236;23916.60
10310;202324;AVIS;2684;49036.68
10310;202327;MP;1028;17681.60
10310;202334;AVIS;2122;41060.70
10310;202336;KUPON;974;14025.60
11020;202229;MP;4730;63665.80
11020;202235;KUPON;3703;41510.63
11020;202239;KUPON;4193;53293.03
11020;202303;KUPON;3430;43595.30
11020;202316;3F2;3151;37685.96
11020;202322;KUPON;6228;79157.88
11020;202336;TILBUD;4683;59520.93
11085;202202;TILBUD;1927;15512.35
11085;202209;KUPON;1226;8778.16
11085;202247;KUPON;2865;17190.00
11085;202248;MP;2760;19761.60
11085;202249;MP;2509;20197.45
11085;202252;MP;2444;19674.20
11085;202310;MP;3189;21398.19
11085;202317;MP;2239;18023.95
11085;202318;AVIS;5234;37475.44
11085;202326;KUPON;1609;10796.39
11085;202335;KUPON;3172;21284.12
11142;202201;MP;1517;22694.32
11142;202205;3F2;2426;36292.96
11142;202210;MP;862;15472.90
11142;202231;KUPON;2416;32301.92
11142;202251;AVIS;2856;48437.76
11142;202317;MP;1283;19193.68
11142;202329;3F2;1265;21454.40
11142;202331;MP;2997;40069.89
11142;202335;KUPON;880;15796.00
12004;202208;TILBUD;2594;74707.20
12004;202212;MP;1941;52795.20
12004;202217;TILBUD;2852;82137.60
12004;202221;AVIS;2093;53580.80
12004;202242;AVIS;2585;74448.00
12004;202303;3F2;2474;71251.20
12004;202311;MP;2853;77601.60
12004;202316;AVIS;2384;57216.00
12004;202327;KUPON;2956;75673.60
12066;202202;TILBUD;2182;84661.60
12066;202206;3F2;2624;85253.76
12066;202213;MP;2341;76059.09
12066;202214;AVIS;2826;91816.74
12066;202216;KUPON;2176;89716.48
12066;202220;MP;1967;63907.83
12066;202246;3F2;1744;76125.60
12066;202310;MP;2198;71413.02
12066;202315;MP;2417;99652.91
12066;202316;MP;1536;67046.40
12066;202323;3F2;2813;115979.99
12066;202327;KUPON;2517;81777.33
12066;202328;TILBUD;2892;112209.60
12190;202225;3F2;1903;25690.50
12190;202231;KUPON;1531;20668.50
12190;202234;3F2;639;10351.80
12190;202239;MP;1314;20104.20
12190;202241;TILBUD;580;9396.00
12190;202242;TILBUD;896;10805.76
12190;202249;KUPON;1442;17390.52
12190;202301;MP;1584;21384.00
12190;202308;AVIS;1275;20655.00
12190;202316;TILBUD;997;14356.80
12190;202318;KUPON;1957;26419.50
12190;202322;MP;2386;28775.16
12190;202338;MP;989;16021.80
20015;202214;3F2;3349;45077.54
20015;202245;AVIS;3537;57157.92
20015;202250;AVIS;3590;51552.40
20015;202252;KUPON;3812;54740.32
20015;202313;AVIS;4393;63083.48
20015;202329;MP;5731;82297.16
20041;202221;TILBUD;5570;27181.60
20041;202227;AVIS;4596;22428.48
20041;202233;MP;4129;17961.15
20041;202242;MP;4289;22302.80
20041;202249;MP;3869;16830.15
20041;202252;3F2;5938;28977.44
20041;202308;3F2;4205;24599.25
20088;202206;TILBUD;2043;71913.60
20088;202216;AVIS;2537;94883.80
20088;202224;MP;2777;97750.40
20088;202231;TILBUD;3217;106161.00
20088;202246;KUPON;980;32340.00
20088;202318;KUPON;3639;107277.72
20131;202206;KUPON;1397;18230.85
20131;202210;AVIS;1235;16116.75
20131;202236;3F2;1941;21118.08
20131;202238;MP;688;8476.16
20131;202245;3F2;1542;18997.44
20131;202249;AVIS;2829;27469.59
20131;202301;3F2;904;9835.52
20131;202322;TILBUD;2053;23814.80
20131;202323;MP;2189;26968.48
20131;202324;3F2;1866;18118.86
30012;202202;3F2;597;5796.87
30012;202207;TILBUD;1233;14364.45
30012;202211;AVIS;620;7223.00
30012;202215;KUPON;655;6360.05
30012;202217;TILBUD;1038;12092.70
30012;202231;3F2;1349;14852.49
30012;202232;AVIS;793;8215.48
30012;202242;3F2;810;8918.10
30012;202244;AVIS;1439;15843.39
30012;202306;KUPON;1525;13237.00
30012;202315;MP;1713;17746.68
30012;202320;KUPON;1665;18331.65
30012;202323;3F2;962;9341.02
30077;202202;3F2;2178;68607.00
30077;202215;3F2;1103;39377.10
30077;202216;3F2;2526;90178.20
30077;202222;AVIS;2922;104315.40
30077;202225;KUPON;2135;67252.50
30077;202226;3F2;2924;82281.36
30077;202227;MP;1906;53634.84
30077;202233;KUPON;1709;64600.20
30077;202239;TILBUD;934;31382.40
30077;202303;3F2;2837;79833.18
30077;202325;MP;2193;82895.40
30154;202202;TILBUD;1320;13358.40
30154;202210;AVIS;926;10000.80
30154;202213;MP;1190;12852.00
30154;202215;TILBUD;2545;23006.80
30154;202229;3F2;2180;19707.20
30154;202233;KUPON;1278;15527.70
30154;202250;3F2;2028;18333.12
30154;202333;AVIS;798;8618.40
30154;202334;KUPON;1443;16551.21
30209;202201;AVIS;2833;56858.31
30209;202202;MP;1968;39497.76
30209;202218;MP;2086;49980.56
30209;202226;MP;2004;51021.84
30209;202232;AVIS;1293;29040.78
30209;202249;AVIS;1864;41865.44
30209;202251;3F2;934;22378.64
30209;202302;TILBUD;1777;47890.15
30209;202334;KUPON;1775;45191.50
30209;202335;TILBUD;1469;39589.55
30209;202339;KUPON;2113;42407.91
