butik_id;uge_label;kunder
1101;202201;4229
1102;202201;3891
1103;202201;2030
1108;202201;7825
3104;202201;3722
3117;202201;1734
3122;202201;1268
4201;202201;6767
4205;202201;4018
4218;202201;4314
5502;202201;3806
5511;202201;1480
9001;202201;211
1101;202202;4259
1102;202202;3918
1103;202202;2044
1108;202202;7879
3104;202202;3748
3117;202202;1746
3122;202202;1277
4201;202202;6814
4205;202202;4046
4218;202202;4344
5502;202202;3833
5511;202202;1490
9001;202202;212
1101;202203;4287
1102;202203;3944
1103;202203;2057
1108;202203;7931
3104;202203;3772
3117;202203;1757
3122;202203;1286
4201;202203;6859
4205;202203;4072
4218;202203;4373
5502;202203;3858
5511;202203;1500
9001;202203;214
1101;202204;4313
1102;202204;3968
1103;202204;2070
1108;202204;7980
3104;202204;3795
3117;202204;1768
3122;202204;1294
4201;202204;6901
4205;202204;4097
4218;202204;4399
5502;202204;3882
5511;202204;1509
9001;202204;215
1199;202204;86
1101;202205;4337
1102;202205;3990
1103;202205;2082
1108;202205;8024
3104;202205;3817
3117;202205;1778
3122;202205;1301
4201;202205;6940
4205;202205;4120
4218;202205;4424
5502;202205;3903
5511;202205;1518
9001;202205;216
1199;202205;86
1101;202206;4358
1102;202206;4010
1103;202206;2092
1108;202206;8063
3104;202206;3835
3117;202206;1787
3122;202206;1307
4201;202206;6974
4205;202206;4140
4218;202206;4445
5502;202206;3922
5511;202206;1525
9001;202206;217
1101;202207;4376
1102;202207;4026
1103;202207;2100
1108;202207;8096
3104;202207;3851
3117;202207;1794
3122;202207;1313
4201;202207;7002
4205;202207;4157
4218;202207;4464
5502;202207;3939
5511;202207;1531
9001;202207;218
1101;202208;4391
1102;202208;4039
1103;202208;2107
1108;202208;8123
3104;202208;3864
3117;202208;1800
3122;202208;1317
4201;202208;7025
4205;202208;4171
4218;202208;4478
5502;202208;3951
5511;202208;1536
9001;202208;219
1101;202209;4401
1102;202209;4049
1103;202209;2112
1108;202209;8142
3104;202209;3873
3117;202209;1804
3122;202209;1320
4201;202209;7042
4205;202209;4181
4218;202209;4489
5502;202209;3961
5511;202209;1540
9001;202209;220
1101;202210;4407
1102;202210;4055
1103;202210;2115
1108;202210;8154
3104;202210;3878
3117;202210;1807
3122;202210;1322
4201;202210;7052
4205;202210;4187
4218;202210;4496
5502;202210;3967
5511;202210;1542
9001;202210;220
1199;202210;88
1101;202211;4409
1102;202211;4057
1103;202211;2116
1108;202211;8158
3104;202211;3880
3117;202211;1808
3122;202211;1322
4201;202211;7055
4205;202211;4189
4218;202211;4498
5502;202211;3968
5511;202211;1543
9001;202211;220
1101;202212;4407
1102;202212;4055
1103;202212;2115
1108;202212;8154
3104;202212;3878
3117;202212;1807
3122;202212;1322
4201;202212;7052
4205;202212;4187
4218;202212;4495
5502;202212;3967
5511;202212;1542
9001;202212;220
1199;202212;88
1101;202213;4401
1102;202213;4049
1103;202213;2112
1108;202213;8142
3104;202213;3873
3117;202213;1804
3122;202213;1320
4201;202213;7042
4205;202213;4181
4218;202213;4489
5502;202213;3961
5511;202213;1540
9001;202213;220
1101;202214;4390
1102;202214;4039
1103;202214;2107
1108;202214;8123
3104;202214;3864
3117;202214;1800
3122;202214;1317
4201;202214;7025
4205;202214;4171
4218;202214;4478
5502;202214;3951
5511;202214;1536
9001;202214;219
1101;202215;4376
1102;202215;4026
1103;202215;2100
1108;202215;8096
3104;202215;3851
3117;202215;1794
3122;202215;1312
4201;202215;7002
4205;202215;4157
4218;202215;4464
5502;202215;3938
5511;202215;1531
9001;202215;218
1101;202216;4358
1102;202216;4009
1103;202216;2092
1108;202216;8063
3104;202216;3835
3117;202216;1787
3122;202216;1307
4201;202216;6973
4205;202216;4140
4218;202216;4445
5502;202216;3922
5511;202216;1525
9001;202216;217
1101;202217;4337
1102;202217;3990
1103;202217;2081
1108;202217;8024
3104;202217;3816
3117;202217;1778
3122;202217;1301
4201;202217;6939
4205;202217;4120
4218;202217;4424
5502;202217;3903
5511;202217;1518
9001;202217;216
1101;202218;4313
1102;202218;3968
1103;202218;2070
1108;202218;7979
3104;202218;3795
3117;202218;1768
3122;202218;1294
4201;202218;6901
4205;202218;4097
4218;202218;4399
5502;202218;3882
5511;202218;1509
9001;202218;215
1101;202219;4287
1102;202219;3944
1103;202219;2057
1108;202219;7931
3104;202219;3772
3117;202219;1757
3122;202219;1286
4201;202219;6859
4205;202219;4072
4218;202219;4372
5502;202219;3858
5511;202219;1500
9001;202219;214
1101;202220;4258
1102;202220;3918
1103;202220;2044
1108;202220;7879
3104;202220;3747
3117;202220;1746
3122;202220;1277
4201;202220;6814
4205;202220;4045
4218;202220;4344
5502;202220;3833
5511;202220;1490
9001;202220;212
1101;202221;4229
1102;202221;3891
1103;202221;2030
1108;202221;7824
3104;202221;3722
3117;202221;1734
3122;202221;1268
4201;202221;6767
4205;202221;4018
4218;202221;4314
5502;202221;3806
5511;202221;1480
9001;202221;211
1101;202222;4199
1102;202222;3863
1103;202222;2015
1108;202222;7769
3104;202222;3695
3117;202222;1721
3122;202222;1259
4201;202222;6719
4205;202222;3989
4218;202222;4283
5502;202222;3779
5511;202222;1469
9001;202222;209
1101;202223;4169
1102;202223;3836
1103;202223;2001
1108;202223;7714
3104;202223;3669
3117;202223;1709
3122;202223;1250
4201;202223;6671
4205;202223;3961
4218;202223;4253
5502;202223;3752
5511;202223;1459
9001;202223;208
1101;202224;4140
1102;202224;3809
1103;202224;1987
1108;202224;7660
3104;202224;3643
3117;202224;1697
3122;202224;1242
4201;202224;6624
4205;202224;3933
4218;202224;4223
5502;202224;3726
5511;202224;1449
9001;202224;207
1101;202225;4112
1102;202225;3783
1103;202225;1973
1108;202225;7608
3104;202225;3618
3117;202225;1686
3122;202225;1233
4201;202225;6579
4205;202225;3906
4218;202225;4194
5502;202225;3701
5511;202225;1439
9001;202225;205
1101;202226;4086
1102;202226;3759
1103;202226;1961
1108;202226;7559
3104;202226;3595
3117;202226;1675
3122;202226;1225
4201;202226;6537
4205;202226;3881
4218;202226;4167
5502;202226;3677
5511;202226;1430
9001;202226;204
1101;202227;4062
1102;202227;3737
1103;202227;1949
1108;202227;7515
3104;202227;3574
3117;202227;1665
3122;202227;1218
4201;202227;6499
4205;202227;3859
4218;202227;4143
5502;202227;3656
5511;202227;1421
9001;202227;203
1101;202228;4041
1102;202228;3717
1103;202228;1939
1108;202228;7475
3104;202228;3556
3117;202228;1656
3122;202228;1212
4201;202228;6465
4205;202228;3839
4218;202228;4121
5502;202228;3636
5511;202228;1414
9001;202228;202
1101;202229;4023
1102;202229;3701
1103;202229;1931
1108;202229;7442
3104;202229;3540
3117;202229;1649
3122;202229;1206
4201;202229;6437
4205;202229;3821
4218;202229;4103
5502;202229;3620
5511;202229;1408
9001;202229;201
1101;202230;4008
1102;202230;3688
1103;202230;1924
1108;202230;7416
3104;202230;3527
3117;202230;1643
3122;202230;1202
4201;202230;6414
4205;202230;3808
4218;202230;4089
5502;202230;3607
5511;202230;1403
9001;202230;200
1199;202230;80
1101;202231;3998
1102;202231;3678
1103;202231;1919
1108;202231;7397
3104;202231;3518
3117;202231;1639
3122;202231;1199
4201;202231;6397
4205;202231;3798
4218;202231;4078
5502;202231;3598
5511;202231;1399
9001;202231;199
1199;202231;79
1101;202232;3992
1102;202232;3672
1103;202232;1916
1108;202232;7385
3104;202232;3513
3117;202232;1636
3122;202232;1197
4201;202232;6387
4205;202232;3792
4218;202232;4071
5502;202232;3592
5511;202232;1397
9001;202232;199
1101;202233;3990
1102;202233;3670
1103;202233;1915
1108;202233;7381
3104;202233;3511
3117;202233;1635
3122;202233;1197
4201;202233;6384
4205;202233;3790
4218;202233;4069
5502;202233;3591
5511;202233;1396
9001;202233;199
1199;202233;79
1101;202234;3992
1102;202234;3672
1103;202234;1916
1108;202234;7385
3104;202234;3513
3117;202234;1636
3122;202234;1197
4201;202234;6387
4205;202234;3792
4218;202234;4072
5502;202234;3592
5511;202234;1397
9001;202234;199
1199;202234;79
1101;202235;3998
1102;202235;3678
1103;202235;1919
1108;202235;7397
3104;202235;3518
3117;202235;1639
3122;202235;1199
4201;202235;6397
4205;202235;3798
4218;202235;4078
5502;202235;3598
5511;202235;1399
9001;202235;199
1101;202236;4009
1102;202236;3688
1103;202236;1924
1108;202236;7416
3104;202236;3528
3117;202236;1643
3122;202236;1202
4201;202236;6414
4205;202236;3808
4218;202236;4089
5502;202236;3608
5511;202236;1403
9001;202236;200
1101;202237;4023
1102;202237;3701
1103;202237;1931
1108;202237;7443
3104;202237;3540
3117;202237;1649
3122;202237;1207
4201;202237;6437
4205;202237;3822
4218;202237;4104
5502;202237;3621
5511;202237;1408
9001;202237;201
1101;202238;4041
1102;202238;3718
1103;202238;1939
1108;202238;7476
3104;202238;3556
3117;202238;1657
3122;202238;1212
4201;202238;6466
4205;202238;3839
4218;202238;4122
5502;202238;3637
5511;202238;1414
9001;202238;202
1101;202239;4062
1102;202239;3737
1103;202239;1950
1108;202239;7516
3104;202239;3575
3117;202239;1665
3122;202239;1218
4201;202239;6500
4205;202239;3859
4218;202239;4144
5502;202239;3656
5511;202239;1421
9001;202239;203
1199;202239;81
1101;202240;4086
1102;202240;3759
1103;202240;1961
1108;202240;7560
3104;202240;3596
3117;202240;1675
3122;202240;1226
4201;202240;6538
4205;202240;3882
4218;202240;4168
5502;202240;3678
5511;202240;1430
9001;202240;204
1199;202240;81
1101;202241;4113
1102;202241;3784
1103;202241;1974
1108;202241;7609
3104;202241;3619
3117;202241;1686
3122;202241;1233
4201;202241;6581
4205;202241;3907
4218;202241;4195
5502;202241;3701
5511;202241;1439
9001;202241;205
1101;202242;4141
1102;202242;3810
1103;202242;1987
1108;202242;7661
3104;202242;3644
3117;202242;1697
3122;202242;1242
4201;202242;6626
4205;202242;3934
4218;202242;4224
5502;202242;3727
5511;202242;1449
9001;202242;207
1101;202243;4170
1102;202243;3836
1103;202243;2001
1108;202243;7715
3104;202243;3670
3117;202243;1709
3122;202243;1251
4201;202243;6673
4205;202243;3962
4218;202243;4254
5502;202243;3753
5511;202243;1459
9001;202243;208
1199;202243;83
1101;202244;4200
1102;202244;3864
1103;202244;2016
1108;202244;7770
3104;202244;3696
3117;202244;1722
3122;202244;1260
4201;202244;6720
4205;202244;3990
4218;202244;4284
5502;202244;3780
5511;202244;1470
9001;202244;210
1101;202245;4230
1102;202245;3891
1103;202245;2030
1108;202245;7826
3104;202245;3722
3117;202245;1734
3122;202245;1269
4201;202245;6768
4205;202245;4018
4218;202245;4315
5502;202245;3807
5511;202245;1480
9001;202245;211
1101;202246;4259
1102;202246;3918
1103;202246;2044
1108;202246;7880
3104;202246;3748
3117;202246;1746
3122;202246;1277
4201;202246;6815
4205;202246;4046
4218;202246;4344
5502;202246;3833
5511;202246;1490
9001;202246;212
1101;202247;4287
1102;202247;3944
1103;202247;2058
1108;202247;7932
3104;202247;3773
3117;202247;1757
3122;202247;1286
4201;202247;6860
4205;202247;4073
4218;202247;4373
5502;202247;3858
5511;202247;1500
9001;202247;214
1101;202248;4314
1102;202248;3968
1103;202248;2070
1108;202248;7980
3104;202248;3796
3117;202248;1768
3122;202248;1294
4201;202248;6902
4205;202248;4098
4218;202248;4400
5502;202248;3882
5511;202248;1509
9001;202248;215
1101;202249;4337
1102;202249;3990
1103;202249;2082
1108;202249;8025
3104;202249;3817
3117;202249;1778
3122;202249;1301
4201;202249;6940
4205;202249;4121
4218;202249;4424
5502;202249;3904
5511;202249;1518
9001;202249;216
1101;202250;4359
1102;202250;4010
1103;202250;2092
1108;202250;8064
3104;202250;3836
3117;202250;1787
3122;202250;1307
4201;202250;6974
4205;202250;4141
4218;202250;4446
5502;202250;3923
5511;202250;1525
9001;202250;217
1199;202250;87
1101;202251;4376
1102;202251;4026
1103;202251;2100
1108;202251;8097
3104;202251;3851
3117;202251;1794
3122;202251;1313
4201;202251;7003
4205;202251;4158
4218;202251;4464
5502;202251;3939
5511;202251;1531
9001;202251;218
1101;202252;4391
1102;202252;4039
1103;202252;2107
1108;202252;8123
3104;202252;3864
3117;202252;1800
3122;202252;1317
4201;202252;7026
4205;202252;4171
4218;202252;4479
5502;202252;3952
5511;202252;1536
9001;202252;219
1199;202252;87
1101;202301;4229
1102;202301;3891
1103;202301;2030
1108;202301;7825
3104;202301;3722
3117;202301;1734
3122;202301;1268
4201;202301;6767
4205;202301;4018
4218;202301;4314
5502;202301;3806
5511;202301;1480
9001;202301;211
1101;202302;4259
1102;202302;3918
1103;202302;2044
1108;202302;7879
3104;202302;3748
3117;202302;1746
3122;202302;1277
4201;202302;6814
4205;202302;4046
4218;202302;4344
5502;202302;3833
5511;202302;1490
9001;202302;212
1101;202303;4287
1102;202303;3944
1103;202303;2057
1108;202303;7931
3104;202303;3772
3117;202303;1757
3122;202303;1286
4201;202303;6859
4205;202303;4072
4218;202303;4373
5502;202303;3858
5511;202303;1500
9001;202303;214
1199;202303;85
1101;202304;4313
1102;202304;3968
1103;202304;2070
1108;202304;7980
3104;202304;3795
3117;202304;1768
3122;202304;1294
4201;202304;6901
4205;202304;4097
4218;202304;4399
5502;202304;3882
5511;202304;1509
9001;202304;215
1101;202305;4337
1102;202305;3990
1103;202305;2082
1108;202305;8024
3104;202305;3817
3117;202305;1778
3122;202305;1301
4201;202305;6940
4205;202305;4120
4218;202305;4424
5502;202305;3903
5511;202305;1518
9001;202305;216
1101;202306;4358
1102;202306;4010
1103;202306;2092
1108;202306;8063
3104;202306;3835
3117;202306;1787
3122;202306;1307
4201;202306;6974
4205;202306;4140
4218;202306;4445
5502;202306;3922
5511;202306;1525
9001;202306;217
1101;202307;4376
1102;202307;4026
1103;202307;2100
1108;202307;8096
3104;202307;3851
3117;202307;1794
3122;202307;1313
4201;202307;7002
4205;202307;4157
4218;202307;4464
5502;202307;3939
5511;202307;1531
9001;202307;218
1101;202308;4391
1102;202308;4039
1103;202308;2107
1108;202308;8123
3104;202308;3864
3117;202308;1800
3122;202308;1317
4201;202308;7025
4205;202308;4171
4218;202308;4478
5502;202308;3951
5511;202308;1536
9001;202308;219
1199;202308;87
1101;202309;4401
1102;202309;4049
1103;202309;2112
1108;202309;8142
3104;202309;3873
3117;202309;1804
3122;202309;1320
4201;202309;7042
4205;202309;4181
4218;202309;4489
5502;202309;3961
5511;202309;1540
9001;202309;220
1101;202310;4407
1102;202310;4055
1103;202310;2115
1108;202310;8154
3104;202310;3878
3117;202310;1807
3122;202310;1322
4201;202310;7052
4205;202310;4187
4218;202310;4496
5502;202310;3967
5511;202310;1542
9001;202310;220
1101;202311;4409
1102;202311;4057
1103;202311;2116
1108;202311;8158
3104;202311;3880
3117;202311;1808
3122;202311;1322
4201;202311;7055
4205;202311;4189
4218;202311;4498
5502;202311;3968
5511;202311;1543
9001;202311;220
1199;202311;88
1101;202312;4407
1102;202312;4055
1103;202312;2115
1108;202312;8154
3104;202312;3878
3117;202312;1807
3122;202312;1322
4201;202312;7052
4205;202312;4187
4218;202312;4495
5502;202312;3967
5511;202312;1542
9001;202312;220
1101;202313;4401
1102;202313;4049
1103;202313;2112
1108;202313;8142
3104;202313;3873
3117;202313;1804
3122;202313;1320
4201;202313;7042
4205;202313;4181
4218;202313;4489
5502;202313;3961
5511;202313;1540
9001;202313;220
1101;202314;4390
1102;202314;4039
1103;202314;2107
1108;202314;8123
3104;202314;3864
3117;202314;1800
3122;202314;1317
4201;202314;7025
4205;202314;4171
4218;202314;4478
5502;202314;3951
5511;202314;1536
9001;202314;219
1101;202315;4376
1102;202315;4026
1103;202315;2100
1108;202315;8096
3104;202315;3851
3117;202315;1794
3122;202315;1312
4201;202315;7002
4205;202315;4157
4218;202315;4464
5502;202315;3938
5511;202315;1531
9001;202315;218
1101;202316;4358
1102;202316;4009
1103;202316;2092
1108;202316;8063
3104;202316;3835
3117;202316;1787
3122;202316;1307
4201;202316;6973
4205;202316;4140
4218;202316;4445
5502;202316;3922
5511;202316;1525
9001;202316;217
1199;202316;87
1101;202317;4337
1102;202317;3990
1103;202317;2081
1108;202317;8024
3104;202317;3816
3117;202317;1778
3122;202317;1301
4201;202317;6939
4205;202317;4120
4218;202317;4424
5502;202317;3903
5511;202317;1518
9001;202317;216
1101;202318;4313
1102;202318;3968
1103;202318;2070
1108;202318;7979
3104;202318;3795
3117;202318;1768
3122;202318;1294
4201;202318;6901
4205;202318;4097
4218;202318;4399
5502;202318;3882
5511;202318;1509
9001;202318;215
1101;202319;4287
1102;202319;3944
1103;202319;2057
1108;202319;7931
3104;202319;3772
3117;202319;1757
3122;202319;1286
4201;202319;6859
4205;202319;4072
4218;202319;4372
5502;202319;3858
5511;202319;1500
9001;202319;214
1101;202320;4258
1102;202320;3918
1103;202320;2044
1108;202320;7879
3104;202320;3747
3117;202320;1746
3122;202320;1277
4201;202320;6814
4205;202320;4045
4218;202320;4344
5502;202320;3833
5511;202320;1490
9001;202320;212
1101;202321;4229
1102;202321;3891
1103;202321;2030
1108;202321;7824
3104;202321;3722
3117;202321;1734
3122;202321;1268
4201;202321;6767
4205;202321;4018
4218;202321;4314
5502;202321;3806
5511;202321;1480
9001;202321;211
1101;202322;4199
1102;202322;3863
1103;202322;2015
1108;202322;7769
3104;202322;3695
3117;202322;1721
3122;202322;1259
4201;202322;6719
4205;202322;3989
4218;202322;4283
5502;202322;3779
5511;202322;1469
9001;202322;209
1101;202323;4169
1102;202323;3836
1103;202323;2001
1108;202323;7714
3104;202323;3669
3117;202323;1709
3122;202323;1250
4201;202323;6671
4205;202323;3961
4218;202323;4253
5502;202323;3752
5511;202323;1459
9001;202323;208
1199;202323;83
1101;202324;4140
1102;202324;3809
1103;202324;1987
1108;202324;7660
3104;202324;3643
3117;202324;1697
3122;202324;1242
4201;202324;6624
4205;202324;3933
4218;202324;4223
5502;202324;3726
5511;202324;1449
9001;202324;207
1101;202325;4112
1102;202325;3783
1103;202325;1973
1108;202325;7608
3104;202325;3618
3117;202325;1686
3122;202325;1233
4201;202325;6579
4205;202325;3906
4218;202325;4194
5502;202325;3701
5511;202325;1439
9001;202325;205
1199;202325;82
1101;202326;4086
1102;202326;3759
1103;202326;1961
1108;202326;7559
3104;202326;3595
3117;202326;1675
3122;202326;1225
4201;202326;6537
4205;202326;3881
4218;202326;4167
5502;202326;3677
5511;202326;1430
9001;202326;204
1199;202326;81
1101;202327;4062
1102;202327;3737
1103;202327;1949
1108;202327;7515
3104;202327;3574
3117;202327;1665
3122;202327;1218
4201;202327;6499
4205;202327;3859
4218;202327;4143
5502;202327;3656
5511;202327;1421
9001;202327;203
1101;202328;4041
1102;202328;3717
1103;202328;1939
1108;202328;7475
3104;202328;3556
3117;202328;1656
3122;202328;1212
4201;202328;6465
4205;202328;3839
4218;202328;4121
5502;202328;3636
5511;202328;1414
9001;202328;202
1199;202328;80
1101;202329;4023
1102;202329;3701
1103;202329;1931
1108;202329;7442
3104;202329;3540
3117;202329;1649
3122;202329;1206
4201;202329;6437
4205;202329;3821
4218;202329;4103
5502;202329;3620
5511;202329;1408
9001;202329;201
1101;202330;4008
1102;202330;3688
1103;202330;1924
1108;202330;7416
3104;202330;3527
3117;202330;1643
3122;202330;1202
4201;202330;6414
4205;202330;3808
4218;202330;4089
5502;202330;3607
5511;202330;1403
9001;202330;200
1101;202331;3998
1102;202331;3678
1103;202331;1919
1108;202331;7397
3104;202331;3518
3117;202331;1639
3122;202331;1199
4201;202331;6397
4205;202331;3798
4218;202331;4078
5502;202331;3598
5511;202331;1399
9001;202331;199
1199;202331;79
1101;202332;3992
1102;202332;3672
1103;202332;1916
1108;202332;7385
3104;202332;3513
3117;202332;1636
3122;202332;1197
4201;202332;6387
4205;202332;3792
4218;202332;4071
5502;202332;3592
5511;202332;1397
9001;202332;199
1101;202333;3990
1102;202333;3670
1103;202333;1915
1108;202333;7381
3104;202333;3511
3117;202333;1635
3122;202333;1197
4201;202333;6384
4205;202333;3790
4218;202333;4069
5502;202333;3591
5511;202333;1396
9001;202333;199
1101;202334;3992
1102;202334;3672
1103;202334;1916
1108;202334;7385
3104;202334;3513
3117;202334;1636
3122;202334;1197
4201;202334;6387
4205;202334;3792
4218;202334;4072
5502;202334;3592
5511;202334;1397
9001;202334;199
1101;202335;3998
1102;202335;3678
1103;202335;1919
1108;202335;7397
3104;202335;3518
3117;202335;1639
3122;202335;1199
4201;202335;6397
4205;202335;3798
4218;202335;4078
5502;202335;3598
5511;202335;1399
9001;202335;199
1101;202336;4009
1102;202336;3688
1103;202336;1924
1108;202336;7416
3104;202336;3528
3117;202336;1643
3122;202336;1202
4201;202336;6414
4205;202336;3808
4218;202336;4089
5502;202336;3608
5511;202336;1403
9001;202336;200
1101;202337;4023
1102;202337;3701
1103;202337;1931
1108;202337;7443
3104;202337;3540
3117;202337;1649
3122;202337;1207
4201;202337;6437
4205;202337;3822
4218;202337;4104
5502;202337;3621
5511;202337;1408
9001;202337;201
1101;202338;4041
1102;202338;3718
1103;202338;1939
1108;202338;7476
3104;202338;3556
3117;202338;1657
3122;202338;1212
4201;202338;6466
4205;202338;3839
4218;202338;4122
5502;202338;3637
5511;202338;1414
9001;202338;202
1101;202339;4062
1102;202339;3737
1103;202339;1950
1108;202339;7516
3104;202339;3575
3117;202339;1665
3122;202339;1218
4201;202339;6500
4205;202339;3859
4218;202339;4144
5502;202339;3656
5511;202339;1421
9001;202339;203
