dato;navn;type;lukkedag
01/01/2022;Nytaarsdag;HELLIGDAG;J
14/04/2022;Skaertorsdag;HELLIGDAG;J
15/04/2022;Langfredag;HELLIGDAG;J
18/04/2022;2. paaskedag;HELLIGDAG;J
13/05/2022;Store Bededag;HELLIGDAG;J
26/05/2022;Kristi Himmelfartsdag;HELLIGDAG;J
06/06/2022;2. pinsedag;HELLIGDAG;J
05/06/2022;Grundlovsdag;LUKKEDAG;H
24/12/2022;Juleaftensdag;LUKKEDAG;H
25/12/2022;1. juledag;HELLIGDAG;J
26/12/2022;2. juledag;HELLIGDAG;J
31/12/2022;Nytaarsaftensdag;LUKKEDAG;H
01/01/2023;Nytaarsdag;HELLIGDAG;J
06/04/2023;Skaertorsdag;HELLIGDAG;J
07/04/2023;Langfredag;HELLIGDAG;J
10/04/2023;2. paaskedag;HELLIGDAG;J
05/05/2023;Store Bededag;HELLIGDAG;J
18/05/2023;Kristi Himmelfartsdag;HELLIGDAG;J
29/05/2023;2. pinsedag;HELLIGDAG;J
05/06/2023;Grundlovsdag;LUKKEDAG;H
24/12/2023;Juleaftensdag;LUKKEDAG;H
25/12/2023;1. juledag;HELLIGDAG;J
26/12/2023;2. juledag;HELLIGDAG;J
