butik_id;navn;region_kode;type;aabningsdato;kvm;postnr;status
1101;Nordfalk Norrebro;11;SUPER;14/08/1998;1420;2200;AABEN
1102;Nordfalk Osterbro;11;SUPER;02/03/2004;1180;2100;AABEN
1103;Nordfalk Amager Strand;11;NAER;19/11/2011;640;2300;AABEN
1108;Nordfalk Valby Torv;11;HYPER;05/09/1989;3350;2500;AABEN
3104;Nordfalk Odense C;31;SUPER;21/04/2001;1290;5000;AABEN
3117;Nordfalk Svendborg;31;NAER;11/06/2015;580;5700;AABEN
3122;Nordfalk Nyborg;31;FRANCHISE;30/01/2018;410;5800;AABEN
4201;Nordfalk Aarhus Bruuns;42;HYPER;28/10/2003;2980;8000;AABEN
4205;Nordfalk Risskov;42;SUPER;07/07/2009;1340;8240;AABEN
4218;Nordfalk Silkeborg Nord;42;SUPER;16/02/2013;1510;8600;AABEN
5502;Nordfalk Kolding Syd;55;SUPER;23/05/2006;1260;6000;AABEN
5511;Nordfalk Esbjerg Havn;55;PARTNER;12/09/2019;470;6700;AABEN
9001;Nordfalk Distributionscenter Vest;42;DEPOT;01/01/1994;18400;8464;AABEN
1199;Nordfalk Testbutik HQ;11;SUPER;01/01/2020;100;2900;LUKKET
