fin_aar;periode;uge_i_periode;fin_uge;uge_label;uge_start_dato;uge_slut_dato
2022;1;1;1;202140;04/10/2021;10/10/2021
2022;1;2;2;202141;11/10/2021;17/10/2021
2022;1;3;3;202142;18/10/2021;24/10/2021
2022;1;4;4;202143;25/10/2021;31/10/2021
2022;2;1;5;202144;01/11/2021;07/11/2021
2022;2;2;6;202145;08/11/2021;14/11/2021
2022;2;3;7;202146;15/11/2021;21/11/2021
2022;2;4;8;202147;22/11/2021;28/11/2021
2022;3;1;9;202148;29/11/2021;05/12/2021
2022;3;2;10;202149;06/12/2021;12/12/2021
2022;3;3;11;202150;13/12/2021;19/12/2021
2022;3;4;12;202151;20/12/2021;26/12/2021
2022;3;5;13;202152;27/12/2021;02/01/2022
2022;4;1;14;202201;03/01/2022;09/01/2022
2022;4;2;15;202202;10/01/2022;16/01/2022
2022;4;3;16;202203;17/01/2022;23/01/2022
2022;4;4;17;202204;24/01/2022;30/01/2022
2022;5;1;18;202205;31/01/2022;06/02/2022
2022;5;2;19;202206;07/02/2022;13/02/2022
2022;5;3;20;202207;14/02/2022;20/02/2022
2022;5;4;21;202208;21/02/2022;27/02/2022
2022;6;1;22;202209;28/02/2022;06/03/2022
2022;6;2;23;202210;07/03/2022;13/03/2022
2022;6;3;24;202211;14/03/2022;20/03/2022
2022;6;4;25;202212;21/03/2022;27/03/2022
2022;6;5;26;202213;28/03/2022;03/04/2022
2022;7;1;27;202214;04/04/2022;10/04/2022
2022;7;2;28;202215;11/04/2022;17/04/2022
2022;7;3;29;202216;18/04/2022;24/04/2022
2022;7;4;30;202217;25/04/2022;01/05/2022
2022;8;1;31;202218;02/05/2022;08/05/2022
2022;8;2;32;202219;09/05/2022;15/05/2022
2022;8;3;33;202220;16/05/2022;22/05/2022
2022;8;4;34;202221;23/05/2022;29/05/2022
2022;9;1;35;202222;30/05/2022;05/06/2022
2022;9;2;36;202223;06/06/2022;12/06/2022
2022;9;3;37;202224;13/06/2022;19/06/2022
2022;9;4;38;202225;20/06/2022;26/06/2022
2022;9;5;39;202226;27/06/2022;03/07/2022
2022;10;1;40;202227;04/07/2022;10/07/2022
2022;10;2;41;202228;11/07/2022;17/07/2022
2022;10;3;42;202229;18/07/2022;24/07/2022
2022;10;4;43;202230;25/07/2022;31/07/2022
2022;11;1;44;202231;01/08/2022;07/08/2022
2022;11;2;45;202232;08/08/2022;14/08/2022
2022;11;3;46;202233;15/08/2022;21/08/2022
2022;11;4;47;202234;22/08/2022;28/08/2022
2022;12;1;48;202235;29/08/2022;04/09/2022
2022;12;2;49;202236;05/09/2022;11/09/2022
2022;12;3;50;202237;12/09/2022;18/09/2022
2022;12;4;51;202238;19/09/2022;25/09/2022
2022;12;5;52;202239;26/09/2022;02/10/2022
2023;1;1;1;202240;03/10/2022;09/10/2022
2023;1;2;2;202241;10/10/2022;16/10/2022
2023;1;3;3;202242;17/10/2022;23/10/2022
2023;1;4;4;202243;24/10/2022;30/10/2022
2023;2;1;5;202244;31/10/2022;06/11/2022
2023;2;2;6;202245;07/11/2022;13/11/2022
2023;2;3;7;202246;14/11/2022;20/11/2022
2023;2;4;8;202247;21/11/2022;27/11/2022
2023;3;1;9;202248;28/11/2022;04/12/2022
2023;3;2;10;202249;05/12/2022;11/12/2022
2023;3;3;11;202250;12/12/2022;18/12/2022
2023;3;4;12;202251;19/12/2022;25/12/2022
2023;3;5;13;202252;26/12/2022;01/01/2023
2023;4;1;14;202301;02/01/2023;08/01/2023
2023;4;2;15;202302;09/01/2023;15/01/2023
2023;4;3;16;202303;16/01/2023;22/01/2023
2023;4;4;17;202304;23/01/2023;29/01/2023
2023;5;1;18;202305;30/01/2023;05/02/2023
2023;5;2;19;202306;06/02/2023;12/02/2023
2023;5;3;20;202307;13/02/2023;19/02/2023
2023;5;4;21;202308;20/02/2023;26/02/2023
2023;6;1;22;202309;27/02/2023;05/03/2023
2023;6;2;23;202310;06/03/2023;12/03/2023
2023;6;3;24;202311;13/03/2023;19/03/2023
2023;6;4;25;202312;20/03/2023;26/03/2023
2023;6;5;26;202313;27/03/2023;02/04/2023
2023;7;1;27;202314;03/04/2023;09/04/2023
2023;7;2;28;202315;10/04/2023;16/04/2023
2023;7;3;29;202316;17/04/2023;23/04/2023
2023;7;4;30;202317;24/04/2023;30/04/2023
2023;8;1;31;202318;01/05/2023;07/05/2023
2023;8;2;32;202319;08/05/2023;14/05/2023
2023;8;3;33;202320;15/05/2023;21/05/2023
2023;8;4;34;202321;22/05/2023;28/05/2023
2023;9;1;35;202322;29/05/2023;04/06/2023
2023;9;2;36;202323;05/06/2023;11/06/2023
2023;9;3;37;202324;12/06/2023;18/06/2023
2023;9;4;38;202325;19/06/2023;25/06/2023
2023;9;5;39;202326;26/06/2023;02/07/2023
2023;10;1;40;202327;03/07/2023;09/07/2023
2023;10;2;41;202328;10/07/2023;16/07/2023
2023;10;3;42;202329;17/07/2023;23/07/2023
2023;10;4;43;202330;24/07/2023;30/07/2023
2023;11;1;44;202331;31/07/2023;06/08/2023
2023;11;2;45;202332;07/08/2023;13/08/2023
2023;11;3;46;202333;14/08/2023;20/08/2023
2023;11;4;47;202334;21/08/2023;27/08/2023
2023;12;1;48;202335;28/08/2023;03/09/2023
2023;12;2;49;202336;04/09/2023;10/09/2023
2023;12;3;50;202337;11/09/2023;17/09/2023
2023;12;4;51;202338;18/09/2023;24/09/2023
2023;12;5;52;202339;25/09/2023;01/10/2023
2024;1;1;1;202340;02/10/2023;08/10/2023
2024;1;2;2;202341;09/10/2023;15/10/2023
2024;1;3;3;202342;16/10/2023;22/10/2023
2024;1;4;4;202343;23/10/2023;29/10/2023
2024;2;1;5;202344;30/10/2023;05/11/2023
2024;2;2;6;202345;06/11/2023;12/11/2023
2024;2;3;7;202346;13/11/2023;19/11/2023
2024;2;4;8;202347;20/11/2023;26/11/2023
2024;3;1;9;202348;27/11/2023;03/12/2023
2024;3;2;10;202349;04/12/2023;10/12/2023
2024;3;3;11;202350;11/12/2023;17/12/2023
2024;3;4;12;202351;18/12/2023;24/12/2023
2024;3;5;13;202352;25/12/2023;31/12/2023
2024;4;1;14;202401;01/01/2024;07/01/2024
2024;4;2;15;202402;08/01/2024;14/01/2024
2024;4;3;16;202403;15/01/2024;21/01/2024
2024;4;4;17;202404;22/01/2024;28/01/2024
2024;5;1;18;202405;29/01/2024;04/02/2024
2024;5;2;19;202406;05/02/2024;11/02/2024
2024;5;3;20;202407;12/02/2024;18/02/2024
2024;5;4;21;202408;19/02/2024;25/02/2024
2024;6;1;22;202409;26/02/2024;03/03/2024
2024;6;2;23;202410;04/03/2024;10/03/2024
2024;6;3;24;202411;11/03/2024;17/03/2024
2024;6;4;25;202412;18/03/2024;24/03/2024
2024;6;5;26;202413;25/03/2024;31/03/2024
2024;7;1;27;202414;01/04/2024;07/04/2024
2024;7;2;28;202415;08/04/2024;14/04/2024
2024;7;3;29;202416;15/04/2024;21/04/2024
2024;7;4;30;202417;22/04/2024;28/04/2024
2024;8;1;31;202418;29/04/2024;05/05/2024
2024;8;2;32;202419;06/05/2024;12/05/2024
2024;8;3;33;202420;13/05/2024;19/05/2024
2024;8;4;34;202421;20/05/2024;26/05/2024
2024;9;1;35;202422;27/05/2024;02/06/2024
2024;9;2;36;202423;03/06/2024;09/06/2024
2024;9;3;37;202424;10/06/2024;16/06/2024
2024;9;4;38;202425;17/06/2024;23/06/2024
2024;9;5;39;202426;24/06/2024;30/06/2024
2024;10;1;40;202427;01/07/2024;07/07/2024
2024;10;2;41;202428;08/07/2024;14/07/2024
2024;10;3;42;202429;15/07/2024;21/07/2024
2024;10;4;43;202430;22/07/2024;28/07/2024
2024;11;1;44;202431;29/07/2024;04/08/2024
2024;11;2;45;202432;05/08/2024;11/08/2024
2024;11;3;46;202433;12/08/2024;18/08/2024
2024;11;4;47;202434;19/08/2024;25/08/2024
2024;12;1;48;202435;26/08/2024;01/09/2024
2024;12;2;49;202436;02/09/2024;08/09/2024
2024;12;3;50;202437;09/09/2024;15/09/2024
2024;12;4;51;202438;16/09/2024;22/09/2024
2024;12;5;52;202439;23/09/2024;29/09/2024
