kampagne_id;vare_nr;butik_gruppe;start_dato;slut_dato;kampagne_kode;rabat_pct;avis_side
K04101;10047;ALLE;03/01/2022;09/01/2022;AVIS;25,00;24
K04102;10112;ALLE;03/01/2022;09/01/2022;MP;20,00;
K04103;11142;STORBY;03/01/2022;09/01/2022;MP;25,00;
K04104;30209;ALLE;03/01/2022;09/01/2022;AVIS;33,00;21
K04105;10023;ALLE;10/01/2022;16/01/2022;MP;20,00;
K04106;11085;STORBY;10/01/2022;16/01/2022;TILBUD;10,00;
K04107;12066;ALLE;10/01/2022;16/01/2022;TILBUD;20,00;
K04108;30012;JYLLAND;10/01/2022;16/01/2022;3F2;25,00;
K04109;30077;ALLE;10/01/2022;16/01/2022;3F2;25,00;
K04110;30154;STORBY;10/01/2022;16/01/2022;TILBUD;25,00;
K04111;30209;ALLE;10/01/2022;16/01/2022;MP;33,00;
K04112;10112;JYLLAND;24/01/2022;30/01/2022;MP;10,00;
K04113;11142;ALLE;31/01/2022;06/02/2022;3F2;25,00;
K04114;12066;ALLE;07/02/2022;13/02/2022;3F2;33,00;
K04115;20088;STORBY;07/02/2022;13/02/2022;TILBUD;20,00;
K04116;20131;ALLE;07/02/2022;13/02/2022;KUPON;10,00;
K04117;10047;ALLE;14/02/2022;20/02/2022;AVIS;15,00;11
K04118;30012;ALLE;14/02/2022;20/02/2022;TILBUD;10,00;
K04119;12004;ALLE;21/02/2022;27/02/2022;TILBUD;10,00;
K04120;10310;ALLE;28/02/2022;06/03/2022;KUPON;25,00;
K04121;11085;JYLLAND;28/02/2022;06/03/2022;KUPON;20,00;
K04122;11142;JYLLAND;07/03/2022;13/03/2022;MP;10,00;
K04123;20131;STORBY;07/03/2022;13/03/2022;AVIS;10,00;7
K04124;30154;JYLLAND;07/03/2022;13/03/2022;AVIS;20,00;17
K04125;30012;JYLLAND;14/03/2022;20/03/2022;AVIS;10,00;4
K04126;12004;STORBY;21/03/2022;27/03/2022;MP;15,00;
K04127;12066;ALLE;28/03/2022;03/04/2022;MP;33,00;
K04128;30154;STORBY;28/03/2022;03/04/2022;MP;20,00;
K04129;12066;STORBY;04/04/2022;10/04/2022;AVIS;33,00;23
K04130;20015;STORBY;04/04/2022;10/04/2022;3F2;25,00;
K04131;10112;JYLLAND;11/04/2022;17/04/2022;MP;15,00;
K04132;30012;JYLLAND;11/04/2022;17/04/2022;KUPON;25,00;
K04133;30077;JYLLAND;11/04/2022;17/04/2022;3F2;15,00;
K04134;30154;ALLE;11/04/2022;17/04/2022;TILBUD;33,00;
K04135;12066;ALLE;18/04/2022;24/04/2022;KUPON;15,00;
K04136;20088;STORBY;18/04/2022;24/04/2022;AVIS;15,00;6
K04137;30077;ALLE;18/04/2022;24/04/2022;3F2;15,00;
K04138;12004;ALLE;25/04/2022;01/05/2022;TILBUD;10,00;
K04139;30012;STORBY;25/04/2022;01/05/2022;TILBUD;10,00;
K04140;10112;JYLLAND;02/05/2022;08/05/2022;KUPON;15,00;
K04141;30209;ALLE;02/05/2022;08/05/2022;MP;20,00;
K04142;10023;ALLE;16/05/2022;22/05/2022;AVIS;25,00;16
K04143;12066;STORBY;16/05/2022;22/05/2022;MP;33,00;
K04144;12004;JYLLAND;23/05/2022;29/05/2022;AVIS;20,00;11
K04145;20041;STORBY;23/05/2022;29/05/2022;TILBUD;25,00;
K04146;10047;ALLE;30/05/2022;05/06/2022;TILBUD;10,00;
K04147;10310;ALLE;30/05/2022;05/06/2022;AVIS;15,00;16
K04148;30077;ALLE;30/05/2022;05/06/2022;AVIS;15,00;13
K04149;20088;ALLE;13/06/2022;19/06/2022;MP;20,00;
K04150;12190;ALLE;20/06/2022;26/06/2022;3F2;25,00;
K04151;30077;ALLE;20/06/2022;26/06/2022;KUPON;25,00;
K04152;30077;ALLE;27/06/2022;03/07/2022;3F2;33,00;
K04153;30209;ALLE;27/06/2022;03/07/2022;MP;15,00;
K04154;20041;JYLLAND;04/07/2022;10/07/2022;AVIS;25,00;13
K04155;30077;STORBY;04/07/2022;10/07/2022;MP;33,00;
K04156;10047;ALLE;18/07/2022;24/07/2022;TILBUD;20,00;
K04157;11020;ALLE;18/07/2022;24/07/2022;MP;10,00;
K04158;30154;ALLE;18/07/2022;24/07/2022;3F2;33,00;
K04159;11142;ALLE;01/08/2022;07/08/2022;KUPON;33,00;
K04160;12190;ALLE;01/08/2022;07/08/2022;KUPON;25,00;
K04161;20088;ALLE;01/08/2022;07/08/2022;TILBUD;25,00;
K04162;30012;ALLE;01/08/2022;07/08/2022;3F2;15,00;
K04163;10047;STORBY;08/08/2022;14/08/2022;3F2;33,00;
K04164;30012;JYLLAND;08/08/2022;14/08/2022;AVIS;20,00;8
K04165;30209;JYLLAND;08/08/2022;14/08/2022;AVIS;25,00;23
K04166;20041;STORBY;15/08/2022;21/08/2022;MP;33,00;
K04167;30077;ALLE;15/08/2022;21/08/2022;KUPON;10,00;
K04168;30154;ALLE;15/08/2022;21/08/2022;KUPON;10,00;
K04169;12190;JYLLAND;22/08/2022;28/08/2022;3F2;10,00;
K04170;10047;ALLE;29/08/2022;04/09/2022;MP;33,00;
K04171;11020;STORBY;29/08/2022;04/09/2022;KUPON;25,00;
K04172;20131;ALLE;05/09/2022;11/09/2022;3F2;25,00;
K04173;20131;JYLLAND;19/09/2022;25/09/2022;MP;15,00;
K04174;11020;ALLE;26/09/2022;02/10/2022;KUPON;15,00;
K04175;12190;ALLE;26/09/2022;02/10/2022;MP;15,00;
K04176;30077;JYLLAND;26/09/2022;02/10/2022;TILBUD;20,00;
K04177;10112;STORBY;10/10/2022;16/10/2022;TILBUD;15,00;
K04178;10310;STORBY;10/10/2022;16/10/2022;TILBUD;15,00;
K04179;12190;JYLLAND;10/10/2022;16/10/2022;TILBUD;10,00;
K04180;10112;ALLE;17/10/2022;23/10/2022;KUPON;15,00;
K04181;12004;ALLE;17/10/2022;23/10/2022;AVIS;10,00;5
K04182;12190;JYLLAND;17/10/2022;23/10/2022;TILBUD;33,00;
K04183;20041;ALLE;17/10/2022;23/10/2022;MP;20,00;
K04184;30012;STORBY;17/10/2022;23/10/2022;3F2;15,00;
K04185;10310;ALLE;31/10/2022;06/11/2022;3F2;25,00;
K04186;30012;ALLE;31/10/2022;06/11/2022;AVIS;15,00;24
K04187;10310;ALLE;07/11/2022;13/11/2022;AVIS;25,00;19
K04188;20015;ALLE;07/11/2022;13/11/2022;AVIS;10,00;19
K04189;20131;ALLE;07/11/2022;13/11/2022;3F2;15,00;
K04190;12066;ALLE;14/11/2022;20/11/2022;3F2;10,00;
K04191;20088;JYLLAND;14/11/2022;20/11/2022;KUPON;25,00;
K04192;10047;STORBY;21/11/2022;27/11/2022;TILBUD;10,00;
K04193;11085;ALLE;21/11/2022;27/11/2022;KUPON;33,00;
K04194;10023;ALLE;28/11/2022;04/12/2022;TILBUD;33,00;
K04195;11085;ALLE;28/11/2022;04/12/2022;MP;20,00;
K04196;10310;STORBY;05/12/2022;11/12/2022;MP;20,00;
K04197;11085;ALLE;05/12/2022;11/12/2022;MP;10,00;
K04198;12190;ALLE;05/12/2022;11/12/2022;KUPON;33,00;
K04199;20041;STORBY;05/12/2022;11/12/2022;MP;33,00;
K04200;20131;ALLE;05/12/2022;11/12/2022;AVIS;33,00;7
K04201;30209;STORBY;05/12/2022;11/12/2022;AVIS;25,00;14
K04202;20015;STORBY;12/12/2022;18/12/2022;AVIS;20,00;13
K04203;30154;ALLE;12/12/2022;18/12/2022;3F2;33,00;
K04204;11142;STORBY;19/12/2022;25/12/2022;AVIS;15,00;15
K04205;30209;JYLLAND;19/12/2022;25/12/2022;3F2;20,00;
K04206;11085;ALLE;26/12/2022;01/01/2023;MP;10,00;
K04207;20015;ALLE;26/12/2022;01/01/2023;KUPON;20,00;
K04208;20041;ALLE;26/12/2022;01/01/2023;3F2;25,00;
K04209;12190;ALLE;02/01/2023;08/01/2023;MP;25,00;
K04210;20131;JYLLAND;02/01/2023;08/01/2023;3F2;25,00;
K04211;10112;ALLE;09/01/2023;15/01/2023;AVIS;10,00;16
K04212;30209;ALLE;09/01/2023;15/01/2023;TILBUD;10,00;
K04213;11020;STORBY;16/01/2023;22/01/2023;KUPON;15,00;
K04214;12004;ALLE;16/01/2023;22/01/2023;3F2;10,00;
K04215;30077;ALLE;16/01/2023;22/01/2023;3F2;33,00;
K04216;30012;ALLE;06/02/2023;12/02/2023;KUPON;33,00;
K04217;10112;ALLE;13/02/2023;19/02/2023;KUPON;20,00;
K04218;12190;STORBY;20/02/2023;26/02/2023;AVIS;10,00;18
K04219;20041;ALLE;20/02/2023;26/02/2023;3F2;10,00;
K04220;11085;ALLE;06/03/2023;12/03/2023;MP;25,00;
K04221;12066;ALLE;06/03/2023;12/03/2023;MP;33,00;
K04222;12004;ALLE;13/03/2023;19/03/2023;MP;15,00;
K04223;20015;STORBY;27/03/2023;02/04/2023;AVIS;20,00;16
K04224;10047;STORBY;03/04/2023;09/04/2023;MP;20,00;
K04225;12066;ALLE;10/04/2023;16/04/2023;MP;15,00;
K04226;30012;ALLE;10/04/2023;16/04/2023;MP;20,00;
K04227;11020;JYLLAND;17/04/2023;23/04/2023;3F2;20,00;
K04228;12004;JYLLAND;17/04/2023;23/04/2023;AVIS;25,00;12
K04229;12066;STORBY;17/04/2023;23/04/2023;MP;10,00;
K04230;12190;JYLLAND;17/04/2023;23/04/2023;TILBUD;20,00;
K04231;11085;STORBY;24/04/2023;30/04/2023;MP;10,00;
K04232;11142;JYLLAND;24/04/2023;30/04/2023;MP;25,00;
K04233;11085;ALLE;01/05/2023;07/05/2023;AVIS;20,00;1
K04234;12190;ALLE;01/05/2023;07/05/2023;KUPON;25,00;
K04235;20088;ALLE;01/05/2023;07/05/2023;KUPON;33,00;
K04236;30012;ALLE;15/05/2023;21/05/2023;KUPON;15,00;
K04237;11020;ALLE;29/05/2023;04/06/2023;KUPON;15,00;
K04238;12190;ALLE;29/05/2023;04/06/2023;MP;33,00;
K04239;20131;STORBY;29/05/2023;04/06/2023;TILBUD;20,00;
K04240;10310;JYLLAND;05/06/2023;11/06/2023;AVIS;10,00;14
K04241;12066;ALLE;05/06/2023;11/06/2023;3F2;15,00;
K04242;20131;ALLE;05/06/2023;11/06/2023;MP;15,00;
K04243;30012;JYLLAND;05/06/2023;11/06/2023;3F2;25,00;
K04244;10310;ALLE;12/06/2023;18/06/2023;AVIS;15,00;14
K04245;20131;STORBY;12/06/2023;18/06/2023;3F2;33,00;
K04246;30077;ALLE;19/06/2023;25/06/2023;MP;10,00;
K04247;11085;JYLLAND;26/06/2023;02/07/2023;KUPON;25,00;
K04248;10310;JYLLAND;03/07/2023;09/07/2023;MP;20,00;
K04249;12004;ALLE;03/07/2023;09/07/2023;KUPON;20,00;
K04250;12066;ALLE;03/07/2023;09/07/2023;KUPON;33,00;
K04251;12066;ALLE;10/07/2023;16/07/2023;TILBUD;20,00;
K04252;11142;JYLLAND;17/07/2023;23/07/2023;3F2;15,00;
K04253;20015;ALLE;17/07/2023;23/07/2023;MP;20,00;
K04254;11142;ALLE;31/07/2023;06/08/2023;MP;33,00;
K04255;30154;JYLLAND;14/08/2023;20/08/2023;AVIS;20,00;5
K04256;10047;JYLLAND;21/08/2023;27/08/2023;TILBUD;25,00;
K04257;10310;ALLE;21/08/2023;27/08/2023;AVIS;10,00;22
K04258;30154;ALLE;21/08/2023;27/08/2023;KUPON;15,00;
K04259;30209;ALLE;21/08/2023;27/08/2023;KUPON;15,00;
K04260;11085;ALLE;28/08/2023;03/09/2023;KUPON;25,00;
K04261;11142;JYLLAND;28/08/2023;03/09/2023;KUPON;10,00;
K04262;30209;STORBY;28/08/2023;03/09/2023;TILBUD;10,00;
K04263;10023;ALLE;04/09/2023;10/09/2023;TILBUD;10,00;
K04264;10047;ALLE;04/09/2023;10/09/2023;MP;20,00;
K04265;10112;JYLLAND;04/09/2023;10/09/2023;AVIS;10,00;7
K04266;10310;JYLLAND;04/09/2023;10/09/2023;KUPON;33,00;
K04267;11020;STORBY;04/09/2023;10/09/2023;TILBUD;15,00;
K04268;12190;STORBY;18/09/2023;24/09/2023;MP;10,00;
K04269;30209;ALLE;25/09/2023;01/10/2023;KUPON;33,00;
